<?xml version="1.0" encoding="UTF-8"?>
<rss version="2.0" xmlns:atom="http://www.w3.org/2005/Atom">
  <channel>
    <title>Yida's Blog</title>
    <description>亦达的博客</description>
    <link>http://localhost:4000/</link>
    <atom:link href="http://localhost:4000/feed.xml" rel="self" type="application/rss+xml" />
    <pubDate>Sat, 11 Apr 2020 19:13:48 -0400</pubDate>
    <lastBuildDate>Sat, 11 Apr 2020 19:13:48 -0400</lastBuildDate>
    <generator>Jekyll v4.0.0</generator>
    
      <item>
        <title>九章OOD笔记</title>
        <description>&lt;blockquote&gt;
  &lt;p&gt;“Yeah It’s on. ”&lt;/p&gt;
&lt;/blockquote&gt;

&lt;p&gt;Hux 的 Blog 就这么开通了。&lt;/p&gt;

&lt;p&gt;&lt;a href=&quot;#build&quot;&gt;跳过废话，直接看技术实现 &lt;/a&gt;&lt;/p&gt;

&lt;p&gt;2015 年，Hux 总算有个地方可以好好写点东西了。&lt;/p&gt;

&lt;p&gt;作为一个程序员， Blog 这种轮子要是挂在大众博客程序上就太没意思了。一是觉得大部分 Blog 服务都太丑，二是觉得不能随便定制不好玩。之前因为太懒没有折腾，结果就一直连个写 Blog 的地儿都没有。&lt;/p&gt;

&lt;p&gt;在玩了一段时间知乎之后，答题的快感又激起了我开博客的冲动。之前的&lt;a href=&quot;http://huangxuan.me/portfolio&quot;&gt;个人网站&lt;/a&gt;是作品集形式的（现在集成进来了），并不适合用来写博文，一不做二不休，花一天搞一个吧！&lt;/p&gt;

&lt;p id=&quot;build&quot;&gt;&lt;/p&gt;

&lt;h2 id=&quot;正文&quot;&gt;正文&lt;/h2&gt;

&lt;p&gt;接下来说说搭建这个博客的技术细节。&lt;/p&gt;

&lt;p&gt;正好之前就有关注过 &lt;a href=&quot;https://pages.github.com/&quot;&gt;GitHub Pages&lt;/a&gt; + &lt;a href=&quot;http://jekyllrb.com/&quot;&gt;Jekyll&lt;/a&gt; 快速 Building Blog 的技术方案，非常轻松时尚。&lt;/p&gt;

&lt;p&gt;其优点非常明显：&lt;/p&gt;

&lt;ul&gt;
  &lt;li&gt;&lt;strong&gt;Markdown&lt;/strong&gt; 带来的优雅写作体验&lt;/li&gt;
  &lt;li&gt;非常熟悉的 Git workflow ，&lt;strong&gt;Git Commit 即 Blog Post&lt;/strong&gt;&lt;/li&gt;
  &lt;li&gt;利用 GitHub Pages 的域名和免费无限空间，不用自己折腾主机
    &lt;ul&gt;
      &lt;li&gt;如果需要自定义域名，也只需要简单改改 DNS 加个 CNAME 就好了&lt;/li&gt;
    &lt;/ul&gt;
  &lt;/li&gt;
  &lt;li&gt;Jekyll 的自定制非常容易，基本就是个模版引擎&lt;/li&gt;
&lt;/ul&gt;

&lt;p&gt;本来觉得最大的缺点可能是 GitHub 在国内访问起来太慢，所以第二天一起床就到 GitCafe(Chinese GitHub Copy，现在被 Coding 收购了) 迁移了一个&lt;a href=&quot;http://huxpro.coding.me&quot;&gt;镜像&lt;/a&gt;出来，结果还是巨慢。&lt;/p&gt;

&lt;p&gt;哥哥可是个前端好嘛！ 果断开 Chrome DevTool 查了下网络请求，原来是 &lt;strong&gt;pending 在了 Google Fonts&lt;/strong&gt; 上，页面渲染一直被阻塞到请求超时为止，难怪这么慢。&lt;br /&gt;
忍痛割爱，只好把 Web Fonts 去了（反正超时看到的也只能是 fallback ），果然一下就正常了，而且 GitHub 和 GitCafe 对比并没有感受到明显的速度差异，虽然 github 的 ping 值明显要高一些，达到了 300ms，于是用 DNSPOD 优化了一下速度。&lt;/p&gt;

&lt;hr /&gt;

&lt;p&gt;配置的过程中也没遇到什么坑，基本就是 Git 的流程，相当顺手&lt;/p&gt;

&lt;p&gt;大的 Jekyll 主题上直接 fork 了 Clean Blog（这个主题也相当有名，就不多赘述了。唯一的缺点大概就是没有标签支持，于是我给它补上了。）&lt;/p&gt;

&lt;p&gt;本地调试环境需要 &lt;code class=&quot;highlighter-rouge&quot;&gt;gem install jekyll&lt;/code&gt;，结果 rubygem 的源居然被墙了……后来手动改成了我大淘宝的镜像源才成功&lt;/p&gt;

&lt;p&gt;Theme 的 CSS 是基于 Bootstrap 定制的，看得不爽的地方直接在 Less 里改就好了（平时更习惯 SCSS 些），&lt;strong&gt;不过其实我一直觉得 Bootstrap 在移动端的体验做得相当一般，比我在淘宝参与的团队 CSS 框架差多了……&lt;/strong&gt;所以为了体验，也补了不少 CSS 进去&lt;/p&gt;

&lt;p&gt;最后就进入了耗时反而最长的&lt;strong&gt;做图、写字&lt;/strong&gt;阶段，也算是进入了&lt;strong&gt;写博客&lt;/strong&gt;的正轨，因为是类似 Hack Day 的方式去搭这个站的，所以折腾折腾着大半夜就过去了。&lt;/p&gt;

&lt;p&gt;第二天考虑中文字体的渲染，fork 了 &lt;a href=&quot;http://www.typeisbeautiful.com/&quot;&gt;Type is Beautiful&lt;/a&gt; 的 &lt;code class=&quot;highlighter-rouge&quot;&gt;font&lt;/code&gt; CSS，调整了字号，适配了 Win 的渣渲染，中英文混排效果好多了。&lt;/p&gt;

&lt;h2 id=&quot;后记&quot;&gt;后记&lt;/h2&gt;

&lt;p&gt;回顾这个博客的诞生，纯粹是出于个人兴趣。在知乎相关问题上回答并获得一定的 star 后，我决定把这个博客主题当作一个小小的开源项目来维护。&lt;/p&gt;

&lt;p&gt;在经历 v1.0 - v1.5 的蜕变后，这个博客主题愈发完整，不但增加了诸多 UI 层的优化（opinionated）；在代码层面，更加丰富的配置项也使得这个主题拥有了更好的灵活性与可拓展性。而作为一个开源项目，我也积极的为其完善文档与解决 issue。&lt;/p&gt;

&lt;p&gt;如果你恰好逛到了这里，希望你也能喜欢这个博客主题。&lt;/p&gt;

&lt;p&gt;—— Hux 后记于 2015.10&lt;/p&gt;

</description>
        <pubDate>Sat, 11 Apr 2020 08:00:00 -0400</pubDate>
        <link>http://localhost:4000/2020/04/11/OOD_l1/</link>
        <guid isPermaLink="true">http://localhost:4000/2020/04/11/OOD_l1/</guid>
        
        <category>九章</category>
        
        <category>OOD</category>
        
        
      </item>
    
  </channel>
</rss>
